id;id_fantoir;numero;rep;nom_voie;code_postal;code_insee;nom_commune;code_insee_ancienne_commune;nom_ancienne_commune;x;y;lon;lat;type_position;alias;nom_ld;libelle_acheminement;nom_afnor;source_position;source_nom_voie;certification_commune;cad_parcelles
75103_9506_00024;75103_9506;24;;Rue de Turenne;75003;75103;Paris 3e Arrondissement;;;653373.12;6862020.46;2.364523;48.856533;parcelle;;;PARIS;RUE DE TURENNE;commune;commune;vrai;
75103_9506_00026;75103_9506;26;;Rue de Turenne;75003;75103;Paris 3e Arrondissement;;;653373.91;6862037.14;2.364532;48.856683;parcelle;;;PARIS;RUE DE TURENNE;commune;commune;vrai;
75103_9506_00028;75103_9506;28;;Rue de Turenne;75003;75103;Paris 3e Arrondissement;;;653374.71;6862054.59;2.364541;48.85684;parcelle;;;PARIS;RUE DE TURENNE;commune;commune;vrai;
75103_9506_00029;75103_9506;29;;Rue de Turenne;75003;75103;Paris 3e Arrondissement;;;653354.54;6862027.51;2.364269;48.856595;parcelle;;;PARIS;RUE DE TURENNE;commune;commune;vrai;
75103_9506_00030;75103_9506;30;;Rue de Turenne;75003;75103;Paris 3e Arrondissement;;;653375.41;6862068.48;2.364549;48.856965;parcelle;;;PARIS;RUE DE TURENNE;commune;commune;vrai;
75103_9506_00031;75103_9506;31;;Rue de Turenne;75003;75103;Paris 3e Arrondissement;;;653357.02;6862035.16;2.364302;48.856664;parcelle;;;PARIS;RUE DE TURENNE;commune;commune;vrai;
75103_9506_00032;75103_9506;32;;Rue de Turenne;75003;75103;Paris 3e Arrondissement;;;653376.55;6862091.05;2.364562;48.857168;parcelle;;;PARIS;RUE DE TURENNE;commune;commune;vrai;
75103_9506_00033;75103_9506;33;;Rue de Turenne;75003;75103;Paris 3e Arrondissement;;;653357.29;6862040.94;2.364305;48.856716;parcelle;;;PARIS;RUE DE TURENNE;commune;commune;vrai;
75103_9506_00035;75103_9506;35;;Rue de Turenne;75003;75103;Paris 3e Arrondissement;;;653357.82;6862051.94;2.364311;48.856815;parcelle;;;PARIS;RUE DE TURENNE;commune;commune;vrai;
75103_9506_00037;75103_9506;37;;Rue de Turenne;75003;75103;Paris 3e Arrondissement;;;653358.42;6862072.51;2.364317;48.857;parcelle;;;PARIS;RUE DE TURENNE;commune;commune;vrai;
75103_9506_00039;75103_9506;39;;Rue de Turenne;75003;75103;Paris 3e Arrondissement;;;653359.19;6862094.52;2.364325;48.857198;parcelle;;;PARIS;RUE DE TURENNE;commune;commune;vrai;
75103_9382_00031;75103_9382;31;;Rue des Tournelles;75003;75103;Paris 3e Arrondissement;;;653571.61;6861966.16;2.367234;48.856059;parcelle;;;PARIS;RUE DES TOURNELLES;commune;commune;vrai;
75103_9382_00033;75103_9382;33;;Rue des Tournelles;75003;75103;Paris 3e Arrondissement;;;653573.37;6862003.84;2.367254;48.856398;parcelle;;;PARIS;RUE DES TOURNELLES;commune;commune;vrai;
75103_9382_00046;75103_9382;46;;Rue des Tournelles;75003;75103;Paris 3e Arrondissement;;;653582.65;6861961.18;2.367385;48.856015;parcelle;;;PARIS;RUE DES TOURNELLES;commune;commune;vrai;
75103_9382_00048;75103_9382;48;;Rue des Tournelles;75003;75103;Paris 3e Arrondissement;;;653582.93;6861969.29;2.367388;48.856088;parcelle;;;PARIS;RUE DES TOURNELLES;commune;commune;vrai;
75103_9382_00050;75103_9382;50;;Rue des Tournelles;75003;75103;Paris 3e Arrondissement;;;653583.34;6861984.19;2.367392;48.856222;parcelle;;;PARIS;RUE DES TOURNELLES;commune;commune;vrai;
75103_9382_00052;75103_9382;52;;Rue des Tournelles;75003;75103;Paris 3e Arrondissement;;;653584.59;6862002.2;2.367407;48.856384;parcelle;;;PARIS;RUE DES TOURNELLES;commune;commune;vrai;
75103_9382_00054;75103_9382;54;;Rue des Tournelles;75003;75103;Paris 3e Arrondissement;;;653584.82;6862013.09;2.367409;48.856482;parcelle;;;PARIS;RUE DES TOURNELLES;commune;commune;vrai;
75103_9382_00056;75103_9382;56;;Rue des Tournelles;75003;75103;Paris 3e Arrondissement;;;653584.5;6862027.55;2.367403;48.856612;parcelle;;;PARIS;RUE DES TOURNELLES;commune;commune;vrai;
75103_9382_00058;75103_9382;58;;Rue des Tournelles;75003;75103;Paris 3e Arrondissement;;;653584.97;6862041.22;2.367408;48.856735;parcelle;;;PARIS;RUE DES TOURNELLES;commune;commune;vrai;
75103_9382_00031_t;75103_9382;31;t;Rue des Tournelles;75003;75103;Paris 3e Arrondissement;;;653572.16;6861990.17;2.367239;48.856275;parcelle;;;PARIS;RUE DES TOURNELLES;commune;commune;vrai;
75103_9382_00031_b;75103_9382;31;b;Rue des Tournelles;75003;75103;Paris 3e Arrondissement;;;653571.85;6861978.61;2.367236;48.856171;parcelle;;;PARIS;RUE DES TOURNELLES;commune;commune;vrai;
75103_9382_00033_b;75103_9382;33;b;Rue des Tournelles;75003;75103;Paris 3e Arrondissement;;;653573.71;6862045.09;2.367254;48.856769;parcelle;;;PARIS;RUE DES TOURNELLES;commune;commune;vrai;
75103_0756_00001;75103_0756;1;;Rue de Béarn;75003;75103;Paris 3e Arrondissement;;;653467.01;6862025.38;2.365802;48.856584;parcelle;;;PARIS;RUE DE BEARN;commune;commune;vrai;
75103_0756_00002;75103_0756;2;;Rue de Béarn;75003;75103;Paris 3e Arrondissement;;;653476.25;6861997.5;2.365931;48.856334;parcelle;;;PARIS;RUE DE BEARN;commune;commune;vrai;
75103_0756_00003;75103_0756;3;;Rue de Béarn;75003;75103;Paris 3e Arrondissement;;;653471.7;6862043.24;2.365864;48.856745;parcelle;;;PARIS;RUE DE BEARN;commune;commune;vrai;
75103_0756_00004;75103_0756;4;;Rue de Béarn;75003;75103;Paris 3e Arrondissement;;;653483.83;6862027.8;2.366031;48.856607;parcelle;;;PARIS;RUE DE BEARN;commune;commune;vrai;
75103_0756_00005;75103_0756;5;;Rue de Béarn;75003;75103;Paris 3e Arrondissement;;;653477.37;6862063.77;2.365939;48.85693;parcelle;;;PARIS;RUE DE BEARN;commune;commune;vrai;
75103_0756_00006;75103_0756;6;;Rue de Béarn;75003;75103;Paris 3e Arrondissement;;;653486.86;6862040.23;2.366071;48.856719;parcelle;;;PARIS;RUE DE BEARN;commune;commune;vrai;
75103_0756_00008;75103_0756;8;;Rue de Béarn;75003;75103;Paris 3e Arrondissement;;;653492.62;6862062.42;2.366147;48.856919;parcelle;;;PARIS;RUE DE BEARN;commune;commune;vrai;
75103_0756_00006_b;75103_0756;6;b;Rue de Béarn;75003;75103;Paris 3e Arrondissement;;;653488.15;6862045.22;2.366088;48.856764;parcelle;;;PARIS;RUE DE BEARN;commune;commune;vrai;
75103_3820_00002;75103_3820;2;;Rue des Francs Bourgeois;75003;75103;Paris 3e Arrondissement;;;653383;6862008.37;2.364659;48.856425;parcelle;;;PARIS;RUE DES FRANCS BOURGEOIS;commune;commune;vrai;
75103_3820_00004;75103_3820;4;;Rue des Francs Bourgeois;75003;75103;Paris 3e Arrondissement;;;653341.75;6862025.16;2.364095;48.856573;parcelle;;;PARIS;RUE DES FRANCS BOURGEOIS;commune;commune;vrai;
75103_3820_00006;75103_3820;6;;Rue des Francs Bourgeois;75003;75103;Paris 3e Arrondissement;;;653328.52;6862031.27;2.363914;48.856627;parcelle;;;PARIS;RUE DES FRANCS BOURGEOIS;commune;commune;vrai;
75103_3820_00002_b;75103_3820;2;b;Rue des Francs Bourgeois;75003;75103;Paris 3e Arrondissement;;;653373.99;6862010.56;2.364536;48.856444;parcelle;;;PARIS;RUE DES FRANCS BOURGEOIS;commune;commune;vrai;
75103_3820_00002_t;75103_3820;2;t;Rue des Francs Bourgeois;75003;75103;Paris 3e Arrondissement;;;653348.77;6862021.88;2.364191;48.856544;parcelle;;;PARIS;RUE DES FRANCS BOURGEOIS;commune;commune;vrai;
75103_3698_00001;75103_3698;1;;Rue du Foin;75003;75103;Paris 3e Arrondissement;;;653460.62;6862053.01;2.365712;48.856832;parcelle;;;PARIS;RUE DU FOIN;commune;commune;vrai;
75103_3698_00002;75103_3698;2;;Rue du Foin;75003;75103;Paris 3e Arrondissement;;;653465.24;6862061.09;2.365774;48.856905;parcelle;;;PARIS;RUE DU FOIN;commune;commune;vrai;
75103_3698_00003;75103_3698;3;;Rue du Foin;75003;75103;Paris 3e Arrondissement;;;653445.01;6862055.58;2.365499;48.856854;parcelle;;;PARIS;RUE DU FOIN;commune;commune;vrai;
75103_3698_00004;75103_3698;4;;Rue du Foin;75003;75103;Paris 3e Arrondissement;;;653448.98;6862065.44;2.365552;48.856943;parcelle;;;PARIS;RUE DU FOIN;commune;commune;vrai;
75103_3698_00005;75103_3698;5;;Rue du Foin;75003;75103;Paris 3e Arrondissement;;;653434.76;6862058.33;2.365359;48.856878;parcelle;;;PARIS;RUE DU FOIN;commune;commune;vrai;
75103_3698_00006;75103_3698;6;;Rue du Foin;75003;75103;Paris 3e Arrondissement;;;653425.41;6862071.53;2.36523;48.856996;parcelle;;;PARIS;RUE DU FOIN;commune;commune;vrai;
75103_3698_00007;75103_3698;7;;Rue du Foin;75003;75103;Paris 3e Arrondissement;;;653422.17;6862061.66;2.365187;48.856907;parcelle;;;PARIS;RUE DU FOIN;commune;commune;vrai;
75103_3698_00008;75103_3698;8;;Rue du Foin;75003;75103;Paris 3e Arrondissement;;;653404.4;6862078.59;2.364943;48.857058;parcelle;;;PARIS;RUE DU FOIN;commune;commune;vrai;
75103_3698_00009;75103_3698;9;;Rue du Foin;75003;75103;Paris 3e Arrondissement;;;653394.35;6862068.89;2.364807;48.85697;parcelle;;;PARIS;RUE DU FOIN;commune;commune;vrai;
75103_3698_00010;75103_3698;10;;Rue du Foin;75003;75103;Paris 3e Arrondissement;;;653386.68;6862083.29;2.364701;48.857099;parcelle;;;PARIS;RUE DU FOIN;commune;commune;vrai;
75103_3698_00011;75103_3698;11;;Rue du Foin;75003;75103;Paris 3e Arrondissement;;;653378.98;6862074.57;2.364597;48.85702;parcelle;;;PARIS;RUE DU FOIN;commune;commune;vrai;
75103_3698_00007_b;75103_3698;7;b;Rue du Foin;75003;75103;Paris 3e Arrondissement;;;653414.48;6862063.72;2.365082;48.856925;parcelle;;;PARIS;RUE DU FOIN;commune;commune;vrai;
75103_8308_00001;75103_8308;1;;Rue Roger Verlomme;75003;75103;Paris 3e Arrondissement;;;653557.34;6862017.09;2.367034;48.856516;parcelle;;;PARIS;RUE ROGER VERLOMME;commune;commune;vrai;
75103_8308_00002;75103_8308;2;;Rue Roger Verlomme;75003;75103;Paris 3e Arrondissement;;;653565.66;6862038.71;2.367145;48.856711;parcelle;;;PARIS;RUE ROGER VERLOMME;commune;commune;vrai;
75103_8308_00003;75103_8308;3;;Rue Roger Verlomme;75003;75103;Paris 3e Arrondissement;;;653549.98;6862023.16;2.366933;48.85657;parcelle;;;PARIS;RUE ROGER VERLOMME;commune;commune;vrai;
75103_8308_00004;75103_8308;4;;Rue Roger Verlomme;75003;75103;Paris 3e Arrondissement;;;653556.91;6862045.9;2.367025;48.856775;parcelle;;;PARIS;RUE ROGER VERLOMME;commune;commune;vrai;
75103_8308_00005;75103_8308;5;;Rue Roger Verlomme;75003;75103;Paris 3e Arrondissement;;;653539.26;6862031.8;2.366786;48.856647;parcelle;;;PARIS;RUE ROGER VERLOMME;commune;commune;vrai;
75103_8308_00006;75103_8308;6;;Rue Roger Verlomme;75003;75103;Paris 3e Arrondissement;;;653545.75;6862054.66;2.366872;48.856853;parcelle;;;PARIS;RUE ROGER VERLOMME;commune;commune;vrai;
75103_8308_00007;75103_8308;7;;Rue Roger Verlomme;75003;75103;Paris 3e Arrondissement;;;653526.74;6862035.8;2.366615;48.856682;parcelle;;;PARIS;RUE ROGER VERLOMME;commune;commune;vrai;
75103_8308_00008;75103_8308;8;;Rue Roger Verlomme;75003;75103;Paris 3e Arrondissement;;;653529.35;6862050.34;2.366649;48.856813;parcelle;;;PARIS;RUE ROGER VERLOMME;commune;commune;vrai;
75103_8308_00009;75103_8308;9;;Rue Roger Verlomme;75003;75103;Paris 3e Arrondissement;;;653513.34;6862039.35;2.366432;48.856713;parcelle;;;PARIS;RUE ROGER VERLOMME;commune;commune;vrai;
75103_8308_00010;75103_8308;10;;Rue Roger Verlomme;75003;75103;Paris 3e Arrondissement;;;653520.67;6862046.63;2.366531;48.856779;parcelle;;;PARIS;RUE ROGER VERLOMME;commune;commune;vrai;
75103_8308_00011;75103_8308;11;;Rue Roger Verlomme;75003;75103;Paris 3e Arrondissement;;;653503.24;6862041.99;2.366294;48.856736;parcelle;;;PARIS;RUE ROGER VERLOMME;commune;commune;vrai;
75103_8308_00012;75103_8308;12;;Rue Roger Verlomme;75003;75103;Paris 3e Arrondissement;;;653508.15;6862049.96;2.36636;48.856808;parcelle;;;PARIS;RUE ROGER VERLOMME;commune;commune;vrai;
75103_8308_00013;75103_8308;13;;Rue Roger Verlomme;75003;75103;Paris 3e Arrondissement;;;653495.4;6862044.05;2.366187;48.856754;parcelle;;;PARIS;RUE ROGER VERLOMME;commune;commune;vrai;
75103_8308_00014;75103_8308;14;;Rue Roger Verlomme;75003;75103;Paris 3e Arrondissement;;;653492.04;6862054.09;2.36614;48.856844;parcelle;;;PARIS;RUE ROGER VERLOMME;commune;commune;vrai;
75103_9917_00021;75103_9917;21;;Place des Vosges;75003;75103;Paris 3e Arrondissement;;;653407.35;6862007.18;2.364991;48.856416;parcelle;;;PARIS;PLACE DES VOSGES;commune;commune;vrai;
75103_9917_00023;75103_9917;23;;Place des Vosges;75003;75103;Paris 3e Arrondissement;;;653429.9;6862001.44;2.365299;48.856366;parcelle;;;PARIS;PLACE DES VOSGES;commune;commune;vrai;
75103_9917_00024;75103_9917;24;;Place des Vosges;75003;75103;Paris 3e Arrondissement;;;653531.47;6861975.27;2.366686;48.856138;parcelle;;;PARIS;PLACE DES VOSGES;commune;commune;vrai;
75103_9917_00025;75103_9917;25;;Place des Vosges;75003;75103;Paris 3e Arrondissement;;;653447.11;6861996.96;2.365534;48.856327;parcelle;;;PARIS;PLACE DES VOSGES;commune;commune;vrai;
75103_9917_00026;75103_9917;26;;Place des Vosges;75003;75103;Paris 3e Arrondissement;;;653506.13;6861981.81;2.36634;48.856195;parcelle;;;PARIS;PLACE DES VOSGES;commune;commune;vrai;
75103_9917_00028;75103_9917;28;;Place des Vosges;75003;75103;Paris 3e Arrondissement;;;653483.58;6861987.44;2.366032;48.856244;parcelle;;;PARIS;PLACE DES VOSGES;commune;commune;vrai;
75103_9917_00021_a;75103_9917;21;a;Place des Vosges;75003;75103;Paris 3e Arrondissement;;;653415.46;6862039.03;2.365098;48.856703;parcelle;;;PARIS;PLACE DES VOSGES;commune;commune;vrai;
75103_7078_00006;75103_7078;6;;Rue du Pas de la Mule;75003;75103;Paris 3e Arrondissement;;;653562.7;6861962.67;2.367113;48.856027;parcelle;;;PARIS;RUE DU PAS DE LA MULE;commune;commune;vrai;
75103_7078_00008;75103_7078;8;;Rue du Pas de la Mule;75003;75103;Paris 3e Arrondissement;;;653551.57;6861965.54;2.366961;48.856052;parcelle;;;PARIS;RUE DU PAS DE LA MULE;commune;commune;vrai;
75103_7078_00004_b;75103_7078;4;b;Rue du Pas de la Mule;75003;75103;Paris 3e Arrondissement;;;653594.26;6861954.19;2.367544;48.855953;parcelle;;;PARIS;RUE DU PAS DE LA MULE;commune;commune;vrai;
75104_4365_00009;75104_4365;9;;Impasse Guéménée;75004;75104;Paris 4e Arrondissement;;;653467.5;6861794.97;2.365834;48.854512;parcelle;;;PARIS;IMPASSE GUEMENEE;commune;commune;vrai;
75104_4365_00011;75104_4365;11;;Impasse Guéménée;75004;75104;Paris 4e Arrondissement;;;653468.91;6861796.74;2.365853;48.854528;parcelle;;;PARIS;IMPASSE GUEMENEE;commune;commune;vrai;
75104_4365_00012;75104_4365;12;;Impasse Guéménée;75004;75104;Paris 4e Arrondissement;;;653474.04;6861795.47;2.365923;48.854517;parcelle;;;PARIS;IMPASSE GUEMENEE;commune;commune;vrai;
75104_4831_00001;75104_4831;1;;Rue de Jarente;75004;75104;Paris 4e Arrondissement;;;653292.38;6861907.91;2.363435;48.855515;parcelle;;;PARIS;RUE DE JARENTE;commune;commune;vrai;
75104_4831_00002;75104_4831;2;;Rue de Jarente;75004;75104;Paris 4e Arrondissement;;;653295.52;6861916.12;2.363477;48.855589;parcelle;;;PARIS;RUE DE JARENTE;commune;commune;vrai;
75104_4831_00003;75104_4831;3;;Rue de Jarente;75004;75104;Paris 4e Arrondissement;;;653276.73;6861915.27;2.363221;48.85558;parcelle;;;PARIS;RUE DE JARENTE;commune;commune;vrai;
75104_4831_00005;75104_4831;5;;Rue de Jarente;75004;75104;Paris 4e Arrondissement;;;653267.89;6861919.34;2.3631;48.855616;parcelle;;;PARIS;RUE DE JARENTE;commune;commune;vrai;
75104_7078_00005;75104_7078;5;;Rue du Pas de la Mule;75004;75104;Paris 4e Arrondissement;;;653602.37;6861940.67;2.367656;48.855832;parcelle;;;PARIS;RUE DU PAS DE LA MULE;commune;commune;vrai;
75104_7078_00007;75104_7078;7;;Rue du Pas de la Mule;75004;75104;Paris 4e Arrondissement;;;653585.52;6861945.03;2.367426;48.85587;parcelle;;;PARIS;RUE DU PAS DE LA MULE;commune;commune;vrai;
75104_7078_00009;75104_7078;9;;Rue du Pas de la Mule;75004;75104;Paris 4e Arrondissement;;;653567.66;6861949.62;2.367182;48.85591;parcelle;;;PARIS;RUE DU PAS DE LA MULE;commune;commune;vrai;
75104_7078_00011;75104_7078;11;;Rue du Pas de la Mule;75004;75104;Paris 4e Arrondissement;;;653560.33;6861951.35;2.367082;48.855925;parcelle;;;PARIS;RUE DU PAS DE LA MULE;commune;commune;vrai;
75104_7078_00013;75104_7078;13;;Rue du Pas de la Mule;75004;75104;Paris 4e Arrondissement;;;653552.28;6861953.42;2.366972;48.855943;parcelle;;;PARIS;RUE DU PAS DE LA MULE;commune;commune;vrai;
75104_7078_00015;75104_7078;15;;Rue du Pas de la Mule;75004;75104;Paris 4e Arrondissement;;;653539.46;6861956.52;2.366797;48.85597;parcelle;;;PARIS;RUE DU PAS DE LA MULE;commune;commune;vrai;
75104_0978_00016;75104_0978;16;;Rue de Birague;75004;75104;Paris 4e Arrondissement;;;653429.35;6861822.52;2.365311;48.854757;parcelle;;;PARIS;RUE DE BIRAGUE;commune;commune;vrai;
75104_0978_00011_b;75104_0978;11;b;Rue de Birague;75004;75104;Paris 4e Arrondissement;;;653413.59;6861824.76;2.365096;48.854776;parcelle;;;PARIS;RUE DE BIRAGUE;commune;commune;vrai;
75104_9917_00001;75104_9917;1;;Place des Vosges;75004;75104;Paris 4e Arrondissement;;;653428.68;6861849.44;2.365299;48.854999;parcelle;;;PARIS;PLACE DES VOSGES;commune;commune;vrai;
75104_9917_00002;75104_9917;2;;Place des Vosges;75004;75104;Paris 4e Arrondissement;;;653457.13;6861837.2;2.365688;48.854891;parcelle;;;PARIS;PLACE DES VOSGES;commune;commune;vrai;
75104_9917_00003;75104_9917;3;;Place des Vosges;75004;75104;Paris 4e Arrondissement;;;653385.08;6861856.57;2.364704;48.85506;parcelle;;;PARIS;PLACE DES VOSGES;commune;commune;vrai;
75104_9917_00004;75104_9917;4;;Place des Vosges;75004;75104;Paris 4e Arrondissement;;;653472.5;6861833.07;2.365898;48.854855;parcelle;;;PARIS;PLACE DES VOSGES;commune;commune;vrai;
75104_9917_00005;75104_9917;5;;Place des Vosges;75004;75104;Paris 4e Arrondissement;;;653366.85;6861861.94;2.364455;48.855107;parcelle;;;PARIS;PLACE DES VOSGES;commune;commune;vrai;
75104_9917_00006;75104_9917;6;;Place des Vosges;75004;75104;Paris 4e Arrondissement;;;653489.64;6861829.15;2.366132;48.854821;parcelle;;;PARIS;PLACE DES VOSGES;commune;commune;vrai;
75104_9917_00007;75104_9917;7;;Place des Vosges;75004;75104;Paris 4e Arrondissement;;;653356.16;6861864.81;2.364309;48.855132;parcelle;;;PARIS;PLACE DES VOSGES;commune;commune;vrai;
75104_9917_00008;75104_9917;8;;Place des Vosges;75004;75104;Paris 4e Arrondissement;;;653504.02;6861837.16;2.366327;48.854894;parcelle;;;PARIS;PLACE DES VOSGES;commune;commune;vrai;
75104_9917_00009;75104_9917;9;;Place des Vosges;75004;75104;Paris 4e Arrondissement;;;653358.66;6861883.14;2.364341;48.855297;parcelle;;;PARIS;PLACE DES VOSGES;commune;commune;vrai;
75104_9917_00010;75104_9917;10;;Place des Vosges;75004;75104;Paris 4e Arrondissement;;;653507.8;6861851.8;2.366377;48.855026;parcelle;;;PARIS;PLACE DES VOSGES;commune;commune;vrai;
75104_9917_00011;75104_9917;11;;Place des Vosges;75004;75104;Paris 4e Arrondissement;;;653364.04;6861905;2.364412;48.855494;parcelle;;;PARIS;PLACE DES VOSGES;commune;commune;vrai;
75104_9917_00012;75104_9917;12;;Place des Vosges;75004;75104;Paris 4e Arrondissement;;;653512.5;6861869.67;2.366439;48.855187;parcelle;;;PARIS;PLACE DES VOSGES;commune;commune;vrai;
75104_9917_00013;75104_9917;13;;Place des Vosges;75004;75104;Paris 4e Arrondissement;;;653369.86;6861925.97;2.364489;48.855683;parcelle;;;PARIS;PLACE DES VOSGES;commune;commune;vrai;
75104_9917_00014;75104_9917;14;;Place des Vosges;75004;75104;Paris 4e Arrondissement;;;653518.32;6861891.31;2.366516;48.855382;parcelle;;;PARIS;PLACE DES VOSGES;commune;commune;vrai;
75104_9917_00015;75104_9917;15;;Place des Vosges;75004;75104;Paris 4e Arrondissement;;;653375.53;6861946.38;2.364564;48.855867;parcelle;;;PARIS;PLACE DES VOSGES;commune;commune;vrai;
75104_9917_00016;75104_9917;16;;Place des Vosges;75004;75104;Paris 4e Arrondissement;;;653522.79;6861908.84;2.366575;48.85554;parcelle;;;PARIS;PLACE DES VOSGES;commune;commune;vrai;
75104_9917_00017;75104_9917;17;;Place des Vosges;75004;75104;Paris 4e Arrondissement;;;653380.3;6861964.58;2.364627;48.856031;parcelle;;;PARIS;PLACE DES VOSGES;commune;commune;vrai;
75104_9917_00018;75104_9917;18;;Place des Vosges;75004;75104;Paris 4e Arrondissement;;;653526.35;6861922.49;2.366622;48.855663;parcelle;;;PARIS;PLACE DES VOSGES;commune;commune;vrai;
75104_9917_00019;75104_9917;19;;Place des Vosges;75004;75104;Paris 4e Arrondissement;;;653386.19;6861985.66;2.364705;48.856221;parcelle;;;PARIS;PLACE DES VOSGES;commune;commune;vrai;
75104_9917_00020;75104_9917;20;;Place des Vosges;75004;75104;Paris 4e Arrondissement;;;653530.13;6861936.69;2.366672;48.855791;parcelle;;;PARIS;PLACE DES VOSGES;commune;commune;vrai;
75104_9917_00022;75104_9917;22;;Place des Vosges;75004;75104;Paris 4e Arrondissement;;;653533.69;6861950.9;2.366719;48.855919;parcelle;;;PARIS;PLACE DES VOSGES;commune;commune;vrai;
75104_9917_00001_m;75104_9917;1;m;Place des Vosges;75004;75104;Paris 4e Arrondissement;;;653432.63;6861865.64;2.365351;48.855145;parcelle;;;PARIS;PLACE DES VOSGES;commune;commune;vrai;
75104_9917_00001_b;75104_9917;1;b;Place des Vosges;75004;75104;Paris 4e Arrondissement;;;653406.61;6861850.73;2.364998;48.855009;parcelle;;;PARIS;PLACE DES VOSGES;commune;commune;vrai;
75104_9917_00006_b;75104_9917;6;b;Place des Vosges;75004;75104;Paris 4e Arrondissement;;;653498.72;6861826.75;2.366256;48.8548;parcelle;;;PARIS;PLACE DES VOSGES;commune;commune;vrai;
75104_3820_00001;75104_3820;1;;Rue des Francs Bourgeois;75004;75104;Paris 4e Arrondissement;;;653371.99;6861999.23;2.36451;48.856342;parcelle;;;PARIS;RUE DES FRANCS BOURGEOIS;commune;commune;vrai;
75104_3820_00003;75104_3820;3;;Rue des Francs Bourgeois;75004;75104;Paris 4e Arrondissement;;;653335.38;6862017.32;2.364009;48.856502;parcelle;;;PARIS;RUE DES FRANCS BOURGEOIS;commune;commune;vrai;
75104_3820_00005;75104_3820;5;;Rue des Francs Bourgeois;75004;75104;Paris 4e Arrondissement;;;653327.63;6862020.94;2.363903;48.856534;parcelle;;;PARIS;RUE DES FRANCS BOURGEOIS;commune;commune;vrai;
75104_3820_00007;75104_3820;7;;Rue des Francs Bourgeois;75004;75104;Paris 4e Arrondissement;;;653320.32;6862024.33;2.363803;48.856564;parcelle;;;PARIS;RUE DES FRANCS BOURGEOIS;commune;commune;vrai;
75104_3820_00001_b;75104_3820;1;b;Rue des Francs Bourgeois;75004;75104;Paris 4e Arrondissement;;;653342.91;6862013.92;2.364112;48.856472;parcelle;;;PARIS;RUE DES FRANCS BOURGEOIS;commune;commune;vrai;
75104_9506_00005;75104_9506;5;;Rue de Turenne;75004;75104;Paris 4e Arrondissement;;;653280.18;6861869.76;2.363273;48.855171;parcelle;;;PARIS;RUE DE TURENNE;commune;commune;vrai;
75104_9506_00006;75104_9506;6;;Rue de Turenne;75004;75104;Paris 4e Arrondissement;;;653292.81;6861862.1;2.363446;48.855103;parcelle;;;PARIS;RUE DE TURENNE;commune;commune;vrai;
75104_9506_00007;75104_9506;7;;Rue de Turenne;75004;75104;Paris 4e Arrondissement;;;653283.99;6861877.4;2.363324;48.85524;parcelle;;;PARIS;RUE DE TURENNE;commune;commune;vrai;
75104_9506_00008;75104_9506;8;;Rue de Turenne;75004;75104;Paris 4e Arrondissement;;;653301.84;6861879.81;2.363567;48.855263;parcelle;;;PARIS;RUE DE TURENNE;commune;commune;vrai;
75104_9506_00009;75104_9506;9;;Rue de Turenne;75004;75104;Paris 4e Arrondissement;;;653287.79;6861884.93;2.363375;48.855308;parcelle;;;PARIS;RUE DE TURENNE;commune;commune;vrai;
75104_9506_00010;75104_9506;10;;Rue de Turenne;75004;75104;Paris 4e Arrondissement;;;653311.68;6861899.08;2.363699;48.855437;parcelle;;;PARIS;RUE DE TURENNE;commune;commune;vrai;
75104_9506_00011;75104_9506;11;;Rue de Turenne;75004;75104;Paris 4e Arrondissement;;;653291.74;6861892.68;2.363428;48.855378;parcelle;;;PARIS;RUE DE TURENNE;commune;commune;vrai;
75104_9506_00012;75104_9506;12;;Rue de Turenne;75004;75104;Paris 4e Arrondissement;;;653320.85;6861917.02;2.363822;48.855599;parcelle;;;PARIS;RUE DE TURENNE;commune;commune;vrai;
75104_9506_00013;75104_9506;13;;Rue de Turenne;75004;75104;Paris 4e Arrondissement;;;653295.99;6861901.1;2.363485;48.855454;parcelle;;;PARIS;RUE DE TURENNE;commune;commune;vrai;
75104_9506_00014;75104_9506;14;;Rue de Turenne;75004;75104;Paris 4e Arrondissement;;;653329.73;6861936.3;2.363941;48.855773;parcelle;;;PARIS;RUE DE TURENNE;commune;commune;vrai;
75104_9506_00015;75104_9506;15;;Rue de Turenne;75004;75104;Paris 4e Arrondissement;;;653303.52;6861915.83;2.363586;48.855587;parcelle;;;PARIS;RUE DE TURENNE;commune;commune;vrai;
75104_9506_00016;75104_9506;16;;Rue de Turenne;75004;75104;Paris 4e Arrondissement;;;653338.78;6861956.47;2.364062;48.855955;parcelle;;;PARIS;RUE DE TURENNE;commune;commune;vrai;
75104_9506_00017;75104_9506;17;;Rue de Turenne;75004;75104;Paris 4e Arrondissement;;;653307.32;6861923.36;2.363637;48.855655;parcelle;;;PARIS;RUE DE TURENNE;commune;commune;vrai;
75104_9506_00018;75104_9506;18;;Rue de Turenne;75004;75104;Paris 4e Arrondissement;;;653346.1;6861972.86;2.36416;48.856103;parcelle;;;PARIS;RUE DE TURENNE;commune;commune;vrai;
75104_9506_00019;75104_9506;19;;Rue de Turenne;75004;75104;Paris 4e Arrondissement;;;653315.61;6861941.31;2.363748;48.855817;parcelle;;;PARIS;RUE DE TURENNE;commune;commune;vrai;
75104_9506_00020;75104_9506;20;;Rue de Turenne;75004;75104;Paris 4e Arrondissement;;;653358.2;6861989.78;2.364323;48.856256;parcelle;;;PARIS;RUE DE TURENNE;commune;commune;vrai;
75104_9506_00021;75104_9506;21;;Rue de Turenne;75004;75104;Paris 4e Arrondissement;;;653324.86;6861959.58;2.363872;48.855982;parcelle;;;PARIS;RUE DE TURENNE;commune;commune;vrai;
75104_9506_00022;75104_9506;22;;Rue de Turenne;75004;75104;Paris 4e Arrondissement;;;653364.77;6861995.84;2.364412;48.856311;parcelle;;;PARIS;RUE DE TURENNE;commune;commune;vrai;
75104_9506_00023;75104_9506;23;;Rue de Turenne;75004;75104;Paris 4e Arrondissement;;;653332.19;6861977.42;2.36397;48.856143;parcelle;;;PARIS;RUE DE TURENNE;commune;commune;vrai;
75104_9506_00025;75104_9506;25;;Rue de Turenne;75004;75104;Paris 4e Arrondissement;;;653339.75;6861995.27;2.364071;48.856304;parcelle;;;PARIS;RUE DE TURENNE;commune;commune;vrai;
75104_9506_00027;75104_9506;27;;Rue de Turenne;75004;75104;Paris 4e Arrondissement;;;653344.75;6862006.35;2.364138;48.856404;parcelle;;;PARIS;RUE DE TURENNE;commune;commune;vrai;
75104_6944_00001;75104_6944;1;;Rue d'Ormesson;75004;75104;Paris 4e Arrondissement;;;653269.9;6861859.28;2.363134;48.855076;parcelle;;;PARIS;RUE D ORMESSON;commune;commune;vrai;
75104_6944_00002;75104_6944;2;;Rue d'Ormesson;75004;75104;Paris 4e Arrondissement;;;653273.71;6861868.14;2.363185;48.855156;parcelle;;;PARIS;RUE D ORMESSON;commune;commune;vrai;
75104_6944_00003;75104_6944;3;;Rue d'Ormesson;75004;75104;Paris 4e Arrondissement;;;653257.1;6861864.94;2.362959;48.855126;parcelle;;;PARIS;RUE D ORMESSON;commune;commune;vrai;
75104_6944_00004;75104_6944;4;;Rue d'Ormesson;75004;75104;Paris 4e Arrondissement;;;653259.82;6861874.48;2.362995;48.855212;parcelle;;;PARIS;RUE D ORMESSON;commune;commune;vrai;
75104_6944_00005;75104_6944;5;;Rue d'Ormesson;75004;75104;Paris 4e Arrondissement;;;653247.01;6861869.47;2.362821;48.855166;parcelle;;;PARIS;RUE D ORMESSON;commune;commune;vrai;
75104_6031_00002;75104_6031;2;;Place du Marché Sainte-Catherine;75004;75104;Paris 4e Arrondissement;;;653258.86;6861882.83;2.362981;48.855287;parcelle;;;PARIS;PLACE DU MARCHE SAINTE CATHERINE;commune;commune;vrai;
75104_6031_00004;75104_6031;4;;Place du Marché Sainte-Catherine;75004;75104;Paris 4e Arrondissement;;;653264.54;6861896.02;2.363057;48.855406;parcelle;;;PARIS;PLACE DU MARCHE SAINTE CATHERINE;commune;commune;vrai;
75104_6031_00006;75104_6031;6;;Place du Marché Sainte-Catherine;75004;75104;Paris 4e Arrondissement;;;653262.51;6861907.26;2.363028;48.855507;parcelle;;;PARIS;PLACE DU MARCHE SAINTE CATHERINE;commune;commune;vrai;
75104_9382_00008;75104_9382;8;;Rue des Tournelles;75004;75104;Paris 4e Arrondissement;;;653582.88;6861761.02;2.36741;48.854215;parcelle;;;PARIS;RUE DES TOURNELLES;commune;commune;vrai;
75104_9382_00010;75104_9382;10;;Rue des Tournelles;75004;75104;Paris 4e Arrondissement;;;653581.99;6861769.26;2.367397;48.854289;parcelle;;;PARIS;RUE DES TOURNELLES;commune;commune;vrai;
75104_9382_00011;75104_9382;11;;Rue des Tournelles;75004;75104;Paris 4e Arrondissement;;;653569.79;6861767.02;2.367231;48.854268;parcelle;;;PARIS;RUE DES TOURNELLES;commune;commune;vrai;
75104_9382_00012;75104_9382;12;;Rue des Tournelles;75004;75104;Paris 4e Arrondissement;;;653581.51;6861773.71;2.36739;48.854329;parcelle;;;PARIS;RUE DES TOURNELLES;commune;commune;vrai;
75104_9382_00013;75104_9382;13;;Rue des Tournelles;75004;75104;Paris 4e Arrondissement;;;653568.72;6861780.26;2.367215;48.854387;parcelle;;;PARIS;RUE DES TOURNELLES;commune;commune;vrai;
75104_9382_00014;75104_9382;14;;Rue des Tournelles;75004;75104;Paris 4e Arrondissement;;;653580.77;6861781.94;2.367379;48.854403;parcelle;;;PARIS;RUE DES TOURNELLES;commune;commune;vrai;
75104_9382_00015;75104_9382;15;;Rue des Tournelles;75004;75104;Paris 4e Arrondissement;;;653567.8;6861793.17;2.367201;48.854503;parcelle;;;PARIS;RUE DES TOURNELLES;commune;commune;vrai;
75104_9382_00016;75104_9382;16;;Rue des Tournelles;75004;75104;Paris 4e Arrondissement;;;653578.65;6861792.63;2.367349;48.854499;parcelle;;;PARIS;RUE DES TOURNELLES;commune;commune;vrai;
75104_9382_00017;75104_9382;17;;Rue des Tournelles;75004;75104;Paris 4e Arrondissement;;;653568.02;6861820.41;2.367201;48.854748;parcelle;;;PARIS;RUE DES TOURNELLES;commune;commune;vrai;
75104_9382_00018;75104_9382;18;;Rue des Tournelles;75004;75104;Paris 4e Arrondissement;;;653578.33;6861806.65;2.367343;48.854625;parcelle;;;PARIS;RUE DES TOURNELLES;commune;commune;vrai;
75104_9382_00019;75104_9382;19;;Rue des Tournelles;75004;75104;Paris 4e Arrondissement;;;653568.22;6861837.31;2.367202;48.8549;parcelle;;;PARIS;RUE DES TOURNELLES;commune;commune;vrai;
75104_9382_00020;75104_9382;20;;Rue des Tournelles;75004;75104;Paris 4e Arrondissement;;;653579.82;6861819.31;2.367362;48.854739;parcelle;;;PARIS;RUE DES TOURNELLES;commune;commune;vrai;
75104_9382_00021;75104_9382;21;;Rue des Tournelles;75004;75104;Paris 4e Arrondissement;;;653568.74;6861855.87;2.367207;48.855067;parcelle;;;PARIS;RUE DES TOURNELLES;commune;commune;vrai;
75104_9382_00022;75104_9382;22;;Rue des Tournelles;75004;75104;Paris 4e Arrondissement;;;653580.15;6861832.32;2.367365;48.854856;parcelle;;;PARIS;RUE DES TOURNELLES;commune;commune;vrai;
75104_9382_00023;75104_9382;23;;Rue des Tournelles;75004;75104;Paris 4e Arrondissement;;;653570.36;6861911.35;2.367223;48.855566;parcelle;;;PARIS;RUE DES TOURNELLES;commune;commune;vrai;
75104_9382_00024;75104_9382;24;;Rue des Tournelles;75004;75104;Paris 4e Arrondissement;;;653579.52;6861846.11;2.367355;48.85498;parcelle;;;PARIS;RUE DES TOURNELLES;commune;commune;vrai;
75104_9382_00025;75104_9382;25;;Rue des Tournelles;75004;75104;Paris 4e Arrondissement;;;653571.15;6861927.24;2.367232;48.855709;parcelle;;;PARIS;RUE DES TOURNELLES;commune;commune;vrai;
75104_9382_00026;75104_9382;26;;Rue des Tournelles;75004;75104;Paris 4e Arrondissement;;;653579.85;6861859.01;2.367358;48.855096;parcelle;;;PARIS;RUE DES TOURNELLES;commune;commune;vrai;
75104_9382_00027;75104_9382;27;;Rue des Tournelles;75004;75104;Paris 4e Arrondissement;;;653570.95;6861939.81;2.367228;48.855822;parcelle;;;PARIS;RUE DES TOURNELLES;commune;commune;vrai;
75104_9382_00028;75104_9382;28;;Rue des Tournelles;75004;75104;Paris 4e Arrondissement;;;653580.37;6861878.35;2.367363;48.85527;parcelle;;;PARIS;RUE DES TOURNELLES;commune;commune;vrai;
75104_9382_00029;75104_9382;29;;Rue des Tournelles;75004;75104;Paris 4e Arrondissement;;;653571.9;6861947.7;2.36724;48.855893;parcelle;;;PARIS;RUE DES TOURNELLES;commune;commune;vrai;
75104_9382_00030;75104_9382;30;;Rue des Tournelles;75004;75104;Paris 4e Arrondissement;;;653580.76;6861891.25;2.367367;48.855386;parcelle;;;PARIS;RUE DES TOURNELLES;commune;commune;vrai;
75104_9382_00032;75104_9382;32;;Rue des Tournelles;75004;75104;Paris 4e Arrondissement;;;653580.88;6861896.03;2.367368;48.855429;parcelle;;;PARIS;RUE DES TOURNELLES;commune;commune;vrai;
75104_9382_00034;75104_9382;34;;Rue des Tournelles;75004;75104;Paris 4e Arrondissement;;;653581.06;6861900.92;2.36737;48.855473;parcelle;;;PARIS;RUE DES TOURNELLES;commune;commune;vrai;
75104_9382_00036;75104_9382;36;;Rue des Tournelles;75004;75104;Paris 4e Arrondissement;;;653581.18;6861906.04;2.367371;48.855519;parcelle;;;PARIS;RUE DES TOURNELLES;commune;commune;vrai;
75104_9382_00038;75104_9382;38;;Rue des Tournelles;75004;75104;Paris 4e Arrondissement;;;653581.38;6861912.6;2.367373;48.855578;parcelle;;;PARIS;RUE DES TOURNELLES;commune;commune;vrai;
75104_9382_00040;75104_9382;40;;Rue des Tournelles;75004;75104;Paris 4e Arrondissement;;;653581.67;6861922.16;2.367376;48.855664;parcelle;;;PARIS;RUE DES TOURNELLES;commune;commune;vrai;
75104_9382_00042;75104_9382;42;;Rue des Tournelles;75004;75104;Paris 4e Arrondissement;;;653581.88;6861929.83;2.367378;48.855733;parcelle;;;PARIS;RUE DES TOURNELLES;commune;commune;vrai;
75104_9382_00044;75104_9382;44;;Rue des Tournelles;75004;75104;Paris 4e Arrondissement;;;653582.18;6861939.17;2.367381;48.855817;parcelle;;;PARIS;RUE DES TOURNELLES;commune;commune;vrai;
75104_9382_00021_b;75104_9382;21;b;Rue des Tournelles;75004;75104;Paris 4e Arrondissement;;;653569.95;6861897.12;2.367219;48.855438;parcelle;;;PARIS;RUE DES TOURNELLES;commune;commune;vrai;
75104_7558_00001;75104_7558;1;;Impasse de la Poissonnerie;75004;75104;Paris 4e Arrondissement;;;653288.81;6861929.63;2.363384;48.85571;parcelle;;;PARIS;IMPASSE DE LA POISSONNERIE;commune;commune;vrai;
75104_7558_00002;75104_7558;2;;Impasse de la Poissonnerie;75004;75104;Paris 4e Arrondissement;;;653294.19;6861923.69;2.363458;48.855657;parcelle;;;PARIS;IMPASSE DE LA POISSONNERIE;commune;commune;vrai;
75104_7558_00004;75104_7558;4;;Impasse de la Poissonnerie;75004;75104;Paris 4e Arrondissement;;;653296.59;6861929.34;2.36349;48.855708;parcelle;;;PARIS;IMPASSE DE LA POISSONNERIE;commune;commune;vrai;
75104_7558_00006;75104_7558;6;;Impasse de la Poissonnerie;75004;75104;Paris 4e Arrondissement;;;653295.75;6861934.35;2.363478;48.855753;parcelle;;;PARIS;IMPASSE DE LA POISSONNERIE;commune;commune;vrai;
75104_6707_00001;75104_6707;1;;Rue Necker;75004;75104;Paris 4e Arrondissement;;;653266.69;6861879.54;2.363088;48.855258;parcelle;;;PARIS;RUE NECKER;commune;commune;vrai;
75104_6707_00002;75104_6707;2;;Rue Necker;75004;75104;Paris 4e Arrondissement;;;653272.36;6861873.05;2.363166;48.8552;parcelle;;;PARIS;RUE NECKER;commune;commune;vrai;
75104_6707_00003;75104_6707;3;;Rue Necker;75004;75104;Paris 4e Arrondissement;;;653272.89;6861893.84;2.363171;48.855387;parcelle;;;PARIS;RUE NECKER;commune;commune;vrai;
75104_6707_00004;75104_6707;4;;Rue Necker;75004;75104;Paris 4e Arrondissement;;;653275.87;6861881.25;2.363213;48.855274;parcelle;;;PARIS;RUE NECKER;commune;commune;vrai;
75104_6707_00005;75104_6707;5;;Rue Necker;75004;75104;Paris 4e Arrondissement;;;653278.35;6861906.69;2.363244;48.855503;parcelle;;;PARIS;RUE NECKER;commune;commune;vrai;
75104_6707_00006;75104_6707;6;;Rue Necker;75004;75104;Paris 4e Arrondissement;;;653279.39;6861889.45;2.36326;48.855348;parcelle;;;PARIS;RUE NECKER;commune;commune;vrai;
75104_6707_00008;75104_6707;8;;Rue Necker;75004;75104;Paris 4e Arrondissement;;;653282.75;6861897.2;2.363305;48.855418;parcelle;;;PARIS;RUE NECKER;commune;commune;vrai;
75104_6707_00010;75104_6707;10;;Rue Necker;75004;75104;Paris 4e Arrondissement;;;653286.34;6861905.4;2.363353;48.855492;parcelle;;;PARIS;RUE NECKER;commune;commune;vrai;
