houseNumberGeomWKT,houseNumberId,houseNumberLabel
"POINT (2.365356 48.854823)",https://www.openstreetmap.org/node/10795391247,"16"
"POINT (2.365343 48.854784)",https://www.openstreetmap.org/node/10795391248,"16"
"POINT (2.365289 48.854659)",https://www.openstreetmap.org/node/10795391249,"16"
"POINT (2.365277 48.854627)",https://www.openstreetmap.org/node/10795391250,"16"
"POINT (2.365256 48.854584)",https://www.openstreetmap.org/node/10795391251,"14"
"POINT (2.366001 48.854689)",https://www.openstreetmap.org/node/10814133052,"6"
"POINT (2.365463 48.854936)",https://www.openstreetmap.org/node/10832878792,2 bis
"POINT (2.364331 48.855129)",https://www.openstreetmap.org/node/10832878800,"7"
"POINT (2.36611 48.856374)",https://www.openstreetmap.org/node/11071168963,"28"
"POINT (2.364161 48.855422)",https://www.openstreetmap.org/node/13566776930,"9"
"POINT (2.367265 48.856688)",https://www.openstreetmap.org/node/2376889302,"2"
"POINT (2.366136 48.854799)",https://www.openstreetmap.org/node/254033221,"6"
"POINT (2.367389 48.855578)",https://www.openstreetmap.org/node/3058148650,"38"
"POINT (2.367403 48.855843)",https://www.openstreetmap.org/node/3058148651,"44"
"POINT (2.367214 48.856707)",https://www.openstreetmap.org/node/3213130981,"2"
"POINT (2.367213 48.856019)",https://www.openstreetmap.org/node/3240796737,"6"
"POINT (2.367384 48.854514)",https://www.openstreetmap.org/node/3458163913,"16"
"POINT (2.367412 48.856225)",https://www.openstreetmap.org/node/3731891001,"50"
"POINT (2.365472 48.856345)",https://www.openstreetmap.org/node/4002415349,"25"
"POINT (2.366531 48.85537)",https://www.openstreetmap.org/node/4281854742,"14"
"POINT (2.366625 48.856164)",https://www.openstreetmap.org/node/5651889563,"24"
"POINT (2.367081 48.855913)",https://www.openstreetmap.org/node/586568216,"9"
"POINT (2.363202 48.855278)",https://www.openstreetmap.org/node/703460732,"4"
"POINT (2.363342 48.855499)",https://www.openstreetmap.org/node/703460742,"10"
"POINT (2.363136 48.855085)",https://www.openstreetmap.org/node/703460749,"1"
"POINT (2.363045 48.85541)",https://www.openstreetmap.org/node/703460754,"4"
"POINT (2.363183 48.855147)",https://www.openstreetmap.org/node/703460760,"2"
"POINT (2.363292 48.85542)",https://www.openstreetmap.org/node/703460764,"8"
"POINT (2.363496 48.855449)",https://www.openstreetmap.org/node/703460767,"13"
"POINT (2.36339 48.855308)",https://www.openstreetmap.org/node/703460773,"9"
"POINT (2.363182 48.855382)",https://www.openstreetmap.org/node/703460778,"3"
"POINT (2.362991 48.855204)",https://www.openstreetmap.org/node/703460782,"4"
"POINT (2.363151 48.855201)",https://www.openstreetmap.org/node/703460799,"2"
"POINT (2.363339 48.85524)",https://www.openstreetmap.org/node/703460802,"7"
"POINT (2.363284 48.855167)",https://www.openstreetmap.org/node/703460827,"5"
"POINT (2.363022 48.855499)",https://www.openstreetmap.org/node/703460839,"6"
"POINT (2.36344 48.855376)",https://www.openstreetmap.org/node/703460840,"11"
"POINT (2.363444 48.855522)",https://www.openstreetmap.org/node/703460899,"1"
"POINT (2.363233 48.855586)",https://www.openstreetmap.org/node/703460940,"3"
"POINT (2.363105 48.855624)",https://www.openstreetmap.org/node/703461009,"5"
"POINT (2.362825 48.855175)",https://www.openstreetmap.org/node/703461086,"5"
"POINT (2.362968 48.855289)",https://www.openstreetmap.org/node/703461098,"2"
"POINT (2.363102 48.855255)",https://www.openstreetmap.org/node/703461101,"1"
"POINT (2.362965 48.855134)",https://www.openstreetmap.org/node/703461108,"3"
"POINT (2.363248 48.855352)",https://www.openstreetmap.org/node/703461138,"6"
"POINT (2.363259 48.855503)",https://www.openstreetmap.org/node/703461146,"5"
"POINT (2.363211 48.855657)",https://www.openstreetmap.org/node/703486012,"4"
"POINT (2.363381 48.855686)",https://www.openstreetmap.org/node/703486014,"1"
"POINT (2.363479 48.855714)",https://www.openstreetmap.org/node/703486037,"4"
"POINT (2.363427 48.855634)",https://www.openstreetmap.org/node/703486071,"2"
"POINT (2.363452 48.855586)",https://www.openstreetmap.org/node/703486103,"2"
"POINT (2.363711 48.856601)",https://www.openstreetmap.org/node/703486120,"9"
"POINT (2.363816 48.85657)",https://www.openstreetmap.org/node/703486145,"7"
"POINT (2.363917 48.85654)",https://www.openstreetmap.org/node/703486167,"5"
"POINT (2.364082 48.856299)",https://www.openstreetmap.org/node/703486184,"25"
"POINT (2.36402 48.856508)",https://www.openstreetmap.org/node/703486225,"3"
"POINT (2.363978 48.856141)",https://www.openstreetmap.org/node/703486240,"23"
"POINT (2.364128 48.856476)",https://www.openstreetmap.org/node/703486250,1 bis
"POINT (2.3636 48.855586)",https://www.openstreetmap.org/node/703486255,"15"
"POINT (2.363886 48.855981)",https://www.openstreetmap.org/node/703486272,"21"
"POINT (2.363652 48.855655)",https://www.openstreetmap.org/node/703486332,"17"
"POINT (2.36415 48.856399)",https://www.openstreetmap.org/node/703486429,"27"
"POINT (2.36656 48.855523)",https://www.openstreetmap.org/node/703854225,"16"
"POINT (2.364358 48.855283)",https://www.openstreetmap.org/node/703854232,"9"
"POINT (2.36633 48.854916)",https://www.openstreetmap.org/node/703854235,"8"
"POINT (2.364652 48.856041)",https://www.openstreetmap.org/node/703854256,"17"
"POINT (2.36444 48.855111)",https://www.openstreetmap.org/node/703854259,"5"
"POINT (2.364577 48.855849)",https://www.openstreetmap.org/node/703854263,"15"
"POINT (2.365674 48.8549)",https://www.openstreetmap.org/node/703854265,"2"
"POINT (2.36662 48.855682)",https://www.openstreetmap.org/node/703854270,"18"
"POINT (2.364702 48.855067)",https://www.openstreetmap.org/node/703854273,"3"
"POINT (2.366377 48.855044)",https://www.openstreetmap.org/node/703854276,"10"
"POINT (2.364516 48.855691)",https://www.openstreetmap.org/node/703854278,"13"
"POINT (2.366668 48.855806)",https://www.openstreetmap.org/node/703854281,"20"
"POINT (2.365886 48.854865)",https://www.openstreetmap.org/node/703854283,"4"
"POINT (2.366415 48.85514)",https://www.openstreetmap.org/node/703854284,"12"
"POINT (2.366706 48.855904)",https://www.openstreetmap.org/node/703854285,"22"
"POINT (2.365007 48.855014)",https://www.openstreetmap.org/node/703854286,1 bis
"POINT (2.366522 48.855424)",https://www.openstreetmap.org/node/703854287,"14"
"POINT (2.364443 48.8555)",https://www.openstreetmap.org/node/703854289,"11"
"POINT (2.366194 48.854811)",https://www.openstreetmap.org/node/703854292,"6"
"POINT (2.366292 48.854816)",https://www.openstreetmap.org/node/703854295,6 bis
"POINT (2.364711 48.856193)",https://www.openstreetmap.org/node/703854297,"19"
"POINT (2.365224 48.854982)",https://www.openstreetmap.org/node/703854300,"1"
"POINT (2.364147 48.856105)",https://www.openstreetmap.org/node/703870766,"18"
"POINT (2.363434 48.855107)",https://www.openstreetmap.org/node/703870771,"6"
"POINT (2.367185 48.855918)",https://www.openstreetmap.org/node/703870774,"9"
"POINT (2.366801 48.855979)",https://www.openstreetmap.org/node/703870775,"15"
"POINT (2.367245 48.854265)",https://www.openstreetmap.org/node/703870776,"11"
"POINT (2.367245 48.855706)",https://www.openstreetmap.org/node/703870785,"25"
"POINT (2.36723 48.854383)",https://www.openstreetmap.org/node/703870801,"13"
"POINT (2.36592 48.854508)",https://www.openstreetmap.org/node/703870803,"12"
"POINT (2.365109 48.854773)",https://www.openstreetmap.org/node/703870807,11b
"POINT (2.367241 48.855811)",https://www.openstreetmap.org/node/703870826,"27"
"POINT (2.363554 48.855266)",https://www.openstreetmap.org/node/703870832,"8"
"POINT (2.365872 48.854515)",https://www.openstreetmap.org/node/703870835,"11"
"POINT (2.367215 48.854898)",https://www.openstreetmap.org/node/703870861,"19"
"POINT (2.367215 48.854495)",https://www.openstreetmap.org/node/703870865,"15"
"POINT (2.367075 48.855936)",https://www.openstreetmap.org/node/703870868,"11"
"POINT (2.364511 48.856351)",https://www.openstreetmap.org/node/703870870,"1"
"POINT (2.367221 48.855067)",https://www.openstreetmap.org/node/703870871,"21"
"POINT (2.367254 48.855894)",https://www.openstreetmap.org/node/703870873,"29"
"POINT (2.365847 48.854512)",https://www.openstreetmap.org/node/703870874,"9"
"POINT (2.3653 48.854761)",https://www.openstreetmap.org/node/703870880,"16"
"POINT (2.363685 48.855439)",https://www.openstreetmap.org/node/703870888,"10"
"POINT (2.364404 48.856318)",https://www.openstreetmap.org/node/703870891,"22"
"POINT (2.363811 48.855604)",https://www.openstreetmap.org/node/703870896,"12"
"POINT (2.364314 48.856263)",https://www.openstreetmap.org/node/703870899,"20"
"POINT (2.367215 48.854748)",https://www.openstreetmap.org/node/703870900,"17"
"POINT (2.367016 48.855945)",https://www.openstreetmap.org/node/703870917,"13"
"POINT (2.363927 48.855774)",https://www.openstreetmap.org/node/703870919,"14"
"POINT (2.367232 48.855435)",https://www.openstreetmap.org/node/703870920,21b
"POINT (2.367236 48.855563)",https://www.openstreetmap.org/node/703870925,"23"
"POINT (2.364049 48.855958)",https://www.openstreetmap.org/node/703870932,"16"
"POINT (2.367658 48.855841)",https://www.openstreetmap.org/node/703987661,"5"
"POINT (2.367351 48.854942)",https://www.openstreetmap.org/node/703987695,"24"
"POINT (2.367359 48.855578)",https://www.openstreetmap.org/node/703987768,"38"
"POINT (2.367367 48.854398)",https://www.openstreetmap.org/node/703987809,"14"
"POINT (2.367357 48.855515)",https://www.openstreetmap.org/node/703987847,"36"
"POINT (2.367426 48.855879)",https://www.openstreetmap.org/node/703987859,"7"
"POINT (2.367344 48.855093)",https://www.openstreetmap.org/node/703987899,"26"
"POINT (2.367376 48.854333)",https://www.openstreetmap.org/node/703987946,"12"
"POINT (2.367349 48.854855)",https://www.openstreetmap.org/node/703988054,"22"
"POINT (2.367356 48.855475)",https://www.openstreetmap.org/node/703988057,"34"
"POINT (2.367347 48.854734)",https://www.openstreetmap.org/node/703988197,"20"
"POINT (2.367353 48.855382)",https://www.openstreetmap.org/node/703988235,"30"
"POINT (2.36733 48.854622)",https://www.openstreetmap.org/node/703988274,"18"
"POINT (2.367349 48.855264)",https://www.openstreetmap.org/node/703988321,"28"
"POINT (2.367354 48.855427)",https://www.openstreetmap.org/node/703988340,"32"
"POINT (2.367367 48.855818)",https://www.openstreetmap.org/node/703988381,"44"
"POINT (2.367384 48.854287)",https://www.openstreetmap.org/node/703988533,"10"
"POINT (2.367363 48.855728)",https://www.openstreetmap.org/node/703988611,"42"
"POINT (2.367336 48.854497)",https://www.openstreetmap.org/node/703988643,"16"
"POINT (2.367361 48.855662)",https://www.openstreetmap.org/node/703988688,"40"
"POINT (2.367398 48.85421)",https://www.openstreetmap.org/node/703988738,"8"
"POINT (2.366956 48.856043)",https://www.openstreetmap.org/node/7157260126,"8"
"POINT (2.364809 48.856978)",https://www.openstreetmap.org/node/7157260127,"9"
"POINT (2.36433 48.857)",https://www.openstreetmap.org/node/717532678,"37"
"POINT (2.364269 48.856574)",https://www.openstreetmap.org/node/717532704,"29"
"POINT (2.364093 48.856564)",https://www.openstreetmap.org/node/717532730,"4"
"POINT (2.364325 48.856816)",https://www.openstreetmap.org/node/717532734,"35"
"POINT (2.363909 48.856619)",https://www.openstreetmap.org/node/717532786,"6"
"POINT (2.364317 48.856707)",https://www.openstreetmap.org/node/717532790,"33"
"POINT (2.364339 48.857201)",https://www.openstreetmap.org/node/717532838,"39"
"POINT (2.364315 48.856657)",https://www.openstreetmap.org/node/717532887,"31"
"POINT (2.364143 48.856666)",https://www.openstreetmap.org/node/717532891,2 ter
"POINT (2.364695 48.85709)",https://www.openstreetmap.org/node/721502840,"10"
"POINT (2.365551 48.856934)",https://www.openstreetmap.org/node/721502942,"4"
"POINT (2.364938 48.857051)",https://www.openstreetmap.org/node/721503077,"8"
"POINT (2.365963 48.856958)",https://www.openstreetmap.org/node/721503159,"5"
"POINT (2.365769 48.856897)",https://www.openstreetmap.org/node/721503187,"2"
"POINT (2.364548 48.857165)",https://www.openstreetmap.org/node/721503216,"32"
"POINT (2.365224 48.856989)",https://www.openstreetmap.org/node/721503302,"6"
"POINT (2.36653 48.85677)",https://www.openstreetmap.org/node/721518421,"10"
"POINT (2.366135 48.856922)",https://www.openstreetmap.org/node/721518443,"8"
"POINT (2.366861 48.856847)",https://www.openstreetmap.org/node/721518464,"6"
"POINT (2.367267 48.856753)",https://www.openstreetmap.org/node/721518482,33b
"POINT (2.366355 48.8568)",https://www.openstreetmap.org/node/721518500,"12"
"POINT (2.367016 48.856768)",https://www.openstreetmap.org/node/721518515,"4"
"POINT (2.366389 48.85618)",https://www.openstreetmap.org/node/721551399,"26"
"POINT (2.366292 48.856745)",https://www.openstreetmap.org/node/721551407,"11"
"POINT (2.364659 48.856415)",https://www.openstreetmap.org/node/721551411,"2"
"POINT (2.367079 48.856504)",https://www.openstreetmap.org/node/721551415,"1"
"POINT (2.364536 48.856969)",https://www.openstreetmap.org/node/721551418,"30"
"POINT (2.365364 48.856887)",https://www.openstreetmap.org/node/721551424,"5"
"POINT (2.367111 48.856018)",https://www.openstreetmap.org/node/721551431,"6"
"POINT (2.366018 48.856609)",https://www.openstreetmap.org/node/721551436,"4"
"POINT (2.36556 48.856312)",https://www.openstreetmap.org/node/721551439,"25"
"POINT (2.366621 48.85669)",https://www.openstreetmap.org/node/721551440,"7"
"POINT (2.364509 48.856534)",https://www.openstreetmap.org/node/721551441,"24"
"POINT (2.364809 48.856946)",https://www.openstreetmap.org/node/721551442,"9"
"POINT (2.367251 48.856254)",https://www.openstreetmap.org/node/721551444,31t
"POINT (2.365716 48.85684)",https://www.openstreetmap.org/node/721551447,"1"
"POINT (2.366698 48.856129)",https://www.openstreetmap.org/node/721551448,"24"
"POINT (2.366193 48.856762)",https://www.openstreetmap.org/node/721551454,"13"
"POINT (2.364943 48.856414)",https://www.openstreetmap.org/node/721551457,"21"
"POINT (2.366943 48.856576)",https://www.openstreetmap.org/node/721551461,"3"
"POINT (2.364528 48.856843)",https://www.openstreetmap.org/node/721551466,"28"
"POINT (2.365191 48.856928)",https://www.openstreetmap.org/node/721551470,"7"
"POINT (2.367247 48.856045)",https://www.openstreetmap.org/node/721551474,"31"
"POINT (2.365817 48.856586)",https://www.openstreetmap.org/node/721551477,"1"
"POINT (2.366026 48.856236)",https://www.openstreetmap.org/node/721551480,"28"
"POINT (2.366488 48.856712)",https://www.openstreetmap.org/node/721551484,"9"
"POINT (2.364547 48.856433)",https://www.openstreetmap.org/node/721551487,2 bis
"POINT (2.364598 48.857029)",https://www.openstreetmap.org/node/721551490,"11"
"POINT (2.367268 48.856401)",https://www.openstreetmap.org/node/721551497,"33"
"POINT (2.365918 48.856337)",https://www.openstreetmap.org/node/721551499,"2"
"POINT (2.365506 48.856862)",https://www.openstreetmap.org/node/721551502,"3"
"POINT (2.366954 48.856057)",https://www.openstreetmap.org/node/721551505,"8"
"POINT (2.36606 48.856722)",https://www.openstreetmap.org/node/721551509,"6"
"POINT (2.365256 48.856362)",https://www.openstreetmap.org/node/721551515,"23"
"POINT (2.366794 48.856654)",https://www.openstreetmap.org/node/721551517,"5"
"POINT (2.364518 48.856683)",https://www.openstreetmap.org/node/721551521,"26"
"POINT (2.365034 48.856941)",https://www.openstreetmap.org/node/721551523,7b
"POINT (2.367249 48.856151)",https://www.openstreetmap.org/node/721551528,31b
"POINT (2.367379 48.85623)",https://www.openstreetmap.org/node/721563402,"50"
"POINT (2.367536 48.855946)",https://www.openstreetmap.org/node/721563442,4b
"POINT (2.367396 48.856481)",https://www.openstreetmap.org/node/721563458,"54"
"POINT (2.367375 48.856085)",https://www.openstreetmap.org/node/721563494,"48"
"POINT (2.367395 48.856736)",https://www.openstreetmap.org/node/721563510,"58"
"POINT (2.367394 48.856384)",https://www.openstreetmap.org/node/721563567,"52"
"POINT (2.367372 48.856015)",https://www.openstreetmap.org/node/721563617,"46"
"POINT (2.367391 48.856612)",https://www.openstreetmap.org/node/721563629,"56"
"POINT (2.363593 48.855621)",https://www.openstreetmap.org/node/8016758788,"17"
"POINT (2.363764 48.855818)",https://www.openstreetmap.org/node/9602961095,"19"
"POINT (2.365675 48.856604)",https://www.openstreetmap.org/node/9768163150,"1"
"POINT (2.367344 48.855096)",https://www.openstreetmap.org/node/9796100975,"26"
"POINT (2.367148 48.856022)",https://www.openstreetmap.org/node/9833504617,"6"
"POINT (2.365209 48.856904)",https://www.openstreetmap.org/node/9995815039,"7"
"POINT (2.366888 48.856851)",https://www.openstreetmap.org/node/9995943369,"6"
